LookupType_ID	LookupType_Title_Fa	Lookup_ID	Lookup_Title_Fa	LookupCode
9	واحد قیمت	36	ریال	1
9	واحد قیمت	37	دلار	256
9	واحد قیمت	38	درهم	260
9	واحد قیمت	39	یورو	257
9	واحد قیمت	475	یوان	264
30	نوع اشخاص	106	حقیقی	
30	نوع اشخاص	107	حقوقی	
40	نتیجه ماموریت	140	انجام شده	
40	نتیجه ماموریت	141	انجام نشده	
40	نتیجه ماموریت	142	انجام شده با نقص	
42	نوع خدمت	148	مصرف پروژه	
42	نوع خدمت	149	گارانتی	
42	نوع خدمت	150	وارانتی	
42	نوع خدمت	151	گارانتی مشروط	
42	نوع خدمت	157	تخفیفی	
42	نوع خدمت	185	مصرف پروژه گارانتی	
55	نوع فعالیت	203	تعویض قطعه	
55	نوع فعالیت	204	سرویس	
55	نوع فعالیت	229	اورهال	
56	مجری فعالیت	205	هوایار	
56	مجری فعالیت	206	کارفرما	
56	مجری فعالیت	207	هوایار-کارفرما	
62	گرید مشتری	239	A	
62	گرید مشتری	240	B	
62	گرید مشتری	242	C	
62	گرید مشتری	243	تعطیل	
67	نوع قطعه	277	روغن	1
67	نوع قطعه	278	برد	2
67	نوع قطعه	279	المنت فیلتر	3
67	نوع قطعه	280	فیلتر هوا	3
67	نوع قطعه	281	فیلتر سپراتور	3
67	نوع قطعه	282	فیلتر روغن	3
67	نوع قطعه	283	کیت	4
69	مقصد پس از تعمیر	293	مشتری	
69	مقصد پس از تعمیر	294	نمایندگی	
69	مقصد پس از تعمیر	295	هوایار (داغی)	
69	مقصد پس از تعمیر	296	هوایار (برگشت امانی)	
69	مقصد پس از تعمیر	2700	هوایار	
71	در حال تعمیر	301	1-در حال انجام	
71	در حال تعمیر	302	2-توقف	
71	در حال تعمیر	304	3-غیرقابل تعمیر	
71	در حال تعمیر	305	4-تکمیل شده	
71	در حال تعمیر	1535	5-ارسال به پیمانکار	
71	در حال تعمیر	1536	6-در انتظار تایید مشتری	
71	در حال تعمیر	1537	7-در انتظار خرید قطعه	
71	در حال تعمیر	1774	8-در حال تهیه PreCheck	
71	در حال تعمیر	1871	9-در انتظار تست	
71	در حال تعمیر	2092	10-عدم تایید مشتری	
71	در حال تعمیر	2093	11-تحویل به انبار	
71	در حال تعمیر	2236	12-آیتم صوری	
71	در حال تعمیر	2413	13-در انتظار تعمیر	
71	در حال تعمیر	3169	14-در انتظار بازدید مشتری	
71	در حال تعمیر	3175	15-توقف-تعیین تکلیف مشتری	
71	در حال تعمیر	3176	16-توقف-خرید قطعه	
75	اولویت	320	ندارد
	1
75	اولویت	321	اول (سه ماهه)
	2
75	اولویت	322	دوم (شش ماهه)
	3
75	اولویت	323	سوم (نه ماهه)
	4
75	اولویت	324	چهارم (بیش از یکسال)
	5
88	ارزش مالی پروژه	406	کوچک	1
88	ارزش مالی پروژه	407	متوسط	2
88	ارزش مالی پروژه	408	بزرگ	3
94	نوع واریزی	477	چک	
94	نوع واریزی	478	کارت به کارت	
94	نوع واریزی	479	واریز به حساب	
95	درخواست کننده	480	مشتری	
95	درخواست کننده	481	نمایندگی	
96	مجری	482	هوایار	
96	مجری	483	نمایندگی	
132	نوع داغی	785	سالم	
132	نوع داغی	786	معیوب	
142	نتیجه نهایی	876	خرید از هوایار	1
142	نتیجه نهایی	877	تعویض کارشناس فروش	2
142	نتیجه نهایی	878	خرید منتفی شد	3
142	نتیجه نهایی	879	عدم تامین بودجه کارفرما	4
142	نتیجه نهایی	880	خرید از رقبا(قیمت بالا)	5
142	نتیجه نهایی	881	خرید از رقبا(زمان تحویل)	6
142	نتیجه نهایی	882	خرید از رقبا(عدم تایید فنی)	7
142	نتیجه نهایی	883	خرید از رقبا(روابط)	8
142	نتیجه نهایی	884	خرید از رقبا(مشتری قدیم رقیب)	9
142	نتیجه نهایی	885	محصول غیرهوایاری	10
142	نتیجه نهایی	886	باخت استعلام گیر	11
142	نتیجه نهایی	887	سایر	12
142	نتیجه نهایی	906	عقد قرارداد	13
142	نتیجه نهایی	1073	عدم رضایت مشتری	14
142	نتیجه نهایی	1116	خرید از رقبا(شرایط پرداخت)	15
142	نتیجه نهایی	1117	خرید محصول دست دوم	16
142	نتیجه نهایی	2257	خرید خارجی	17
146	واحد های فروش	924	فروش صنعتی منطقه 1	262
146	واحد های فروش	925	فروش صنعتی منطقه 2	263
146	واحد های فروش	926	فروش صنعتی منطقه 3	264
146	واحد های فروش	927	فروش گازهای صنعتی	30
146	واحد های فروش	928	فروش توربوماشین	142
146	واحد های فروش	929	کمپرسورهای مهندسی	140
146	واحد های فروش	930	فروش تجهیزات پزشکی	33
146	واحد های فروش	931	خدمات پس از فروش هوای فشرده	149
146	واحد های فروش	932	خدمات پس از فروش کمپرسورهای توربینی	
146	واحد های فروش	933	خدمات پس از فروش و راه اندازی CNG	
146	واحد های فروش	934	فروش نمایندگی ها	
146	واحد های فروش	1072	فروش CNG	
146	واحد های فروش	1451	صادرات	
146	واحد های فروش	1670	خدمات پس از فروش حوزه نفت، گاز و پتروشیمی	
146	واحد های فروش	2091	دفتر مرکزی	
146	واحد های فروش	2538	فروش صنعتی	
146	واحد های فروش	2819	فروش تجهیزات فشرده سازی و جداسازی هوا و گاز	46
174	موضوع شکایت	1136	عدم پیگیری و پاسخ گویی به موقع - خدمات هوای فشرده	149
174	موضوع شکایت	1137	کیفیت پایین قطعات - هوای فشرده	149
174	موضوع شکایت	1138	کیفیت پایین محصولات	
174	موضوع شکایت	1139	تاخیر در ارائه خدمات - هوای فشرده	149
174	موضوع شکایت	1140	عدم همراه داشتن ابزار و لوازم - هوای فشرده	149
174	موضوع شکایت	1141	کیفیت پایین خدمات - هوای فشرده	149
174	موضوع شکایت	1142	کیفیت بسته بندی نامناسب	
174	موضوع شکایت	1144	تاخیر در تحویل قطعه - هوای فشرده	149
174	موضوع شکایت	1145	عدم دریافت آموزش مناسب	
174	موضوع شکایت	1147	ضعف مشاوره واحد فروش	
174	موضوع شکایت	1148	نارضایتی از عملکرد تکنسین - خدمات هوای فشرده	149
174	موضوع شکایت	1149	هزینه بالای حمل	
174	موضوع شکایت	1152	عدم اجرای تعهدات قراردادی - هوای فشرده	149
174	موضوع شکایت	1153	تاخیر یا عدم تحویل مدارک مهندسی	
174	موضوع شکایت	1154	نارضایتی از عملکرد نمایندگی	
174	موضوع شکایت	1155	نقص فنی کمپرسور	
174	موضوع شکایت	1156	سایر	z
174	موضوع شکایت	1501	تأخیر در ارسال گزارش پیشرفت پروژه	
174	موضوع شکایت	1520	درخواست ارسال گزارش کار	
174	موضوع شکایت	1553	تاخیر در اعزام کارشناس - هوای فشرده	
174	موضوع شکایت	1657	قیمت بالای قطعات - هوای فشرده	
174	موضوع شکایت	1658	قیمت بالای محصول	
174	موضوع شکایت	1661	دریافت خدمات قبل از تسویه فاکتور	
174	موضوع شکایت	1662	عدم پیگیری و پاسخگویی به موقع واحد فروش	
174	موضوع شکایت	1663	کیفیت پایین قطعات - تسمه	
174	موضوع شکایت	1664	کیفیت پایین قطعات - فیلتر	
174	موضوع شکایت	1665	کیفیت پایین قطعات - شیر	
174	موضوع شکایت	1666	درخواست انجام تعمیرات در سایت مشتری	
174	موضوع شکایت	1667	کیفیت پایین مخزن	
174	موضوع شکایت	1669	کیفیت پایین قطعات - اورینگ	
174	موضوع شکایت	1672	کیفیت پایین قطعات - شلنگ	
174	موضوع شکایت	1673	کیفیت پایین قطعات - اتودرین	
174	موضوع شکایت	1674	کیفیت پایین رادیاتور	
174	موضوع شکایت	1676	عدم حمایت هوایار در پروسه نصب تجهیزات	
174	موضوع شکایت	1696	تکرار خرابی درایر	
174	موضوع شکایت	1697	پایین بودن خلوص نیتروژن	
174	موضوع شکایت	1698	پایین بودن خلوص اکسیژن	
174	موضوع شکایت	1700	آسیب دیدگی وسل نیتروژن ساز	
174	موضوع شکایت	1701	زنگ زدگی مخزن	
174	موضوع شکایت	1702	نارضایتی از خرابی تجهیزات CNG	
174	موضوع شکایت	1786	نارضایتی از رفتار نامناسب - خدمات	
174	موضوع شکایت	1788	کیفیت پایین خدمات - CNG	14
174	موضوع شکایت	1797	کیفیت پایین قطعات - بیرینگ	
174	موضوع شکایت	1798	کیفیت پایین قطعات - سنسور دمای روغن	
174	موضوع شکایت	1799	کیفیت پایین قطعات - کیت آنلودر	
174	موضوع شکایت	1800	کیفیت پایین قطعات - کنتاکتور	
174	موضوع شکایت	1801	کیفیت پایین قطعات - سنسور نیتروژن	
174	موضوع شکایت	1802	کیفیت پایین قطعات - CNG	14
174	موضوع شکایت	1807	کیفیت پایین قطعات - کیت Breather	
174	موضوع شکایت	1809	کیفیت پایین قطعات - شیر برقی	
174	موضوع شکایت	1810	کیفیت پایین قطعات - کاسه نمد	
174	موضوع شکایت	1846	نارضایتی از عملکرد تکنسین - CNG	14
174	موضوع شکایت	1847	عدم اجرای تعهدات قراردادی - CNG	14
174	موضوع شکایت	1849	تاخیر در ارائه خدمات - CNG	
174	موضوع شکایت	1850	تاخیر در نصب و راه اندازی - CNG	
174	موضوع شکایت	1870	تاخیر در راه اندازی - خدمات هوای فشرده	
174	موضوع شکایت	1910	تاخیر در نصب - تدارکات	
174	موضوع شکایت	1911	تاخیر در اعزام کارشناس - CNG	
174	موضوع شکایت	1912	ضعف مشاوره واحد خدمات - هوای فشرده	
174	موضوع شکایت	1913	ضعف مشاوره خدمات - کمپرسورهای توربینی	
174	موضوع شکایت	1914	قیمت بالای خدمات - هوای فشرده	
174	موضوع شکایت	1925	تاخیر در تحویل محصول	
174	موضوع شکایت	1935	تاخیر در ارائه خدمات - کمپرسورهای توربینی	
174	موضوع شکایت	1936	قیمت بالای قطعات - کمپرسورهای توربینی	
174	موضوع شکایت	1937	تاخیر در تحویل قطعه - کمپرسورهای توربینی	
174	موضوع شکایت	1938	قیمت بالای خدمات - کمپرسورهای توربینی	
174	موضوع شکایت	1946	عدم اجرای تعهدات قراردادی - فروش	
174	موضوع شکایت	2054	عدم اجرای تعهدات قراردادی - نمایندگی خدمات هوای فشرده	
174	موضوع شکایت	2073	عدم دریافت به موقع خدمات جانبی مرتبط با خرید	
174	موضوع شکایت	2074	عدم اطلاع رسانی جهت الزامات نصب - فروش	
174	موضوع شکایت	2075	ارزیابی ضعیف درباره برند هوایار	
174	موضوع شکایت	2076	عدم اعتماد به شرکت هوایار	
174	موضوع شکایت	2077	عدم پیشنهاد هوایار به شرکای تجاری	
174	موضوع شکایت	2078	عدم تمایل به خرید مجدد	
174	موضوع شکایت	2079	عدم تطابق محصول با نیازمندی	
174	موضوع شکایت	2080	عدم تناسب بین کیفیت و قیمت محصول	
174	موضوع شکایت	2081	عدم رضایت از فن آوری و نوآوری به کار رفته	
174	موضوع شکایت	2082	عدم تحویل کامل و بموقع مدارک و مستندات دستگاه	
174	موضوع شکایت	2083	نارضایتی از رفتار نامناسب - نمایندگی	
174	موضوع شکایت	2107	کیفیت پایین قطعات - پولی	
174	موضوع شکایت	2121	نارضایتی از شرایط قرارداد فروش	
174	موضوع شکایت	2237	کوتاهی موعد سرویس دوره ای - قیمت بالای قطعات مصرفی	
174	موضوع شکایت	2238	قیمت بالای اقلام مصرفی - روغن	
174	موضوع شکایت	2239	کیفیت پایین روغن	
174	موضوع شکایت	2334	نارضایتی از فرآیند لجستیک	
174	موضوع شکایت	2375	قیمت بالای اقلام مصرفی - فیلتر	
174	موضوع شکایت	2377	تأخیر در تأمین قطعه - کمپرسورهای توربینی	
174	موضوع شکایت	2378	تأخیر در اعزام کارشناس - کمپرسورهای توربینی	
174	موضوع شکایت	2402	تأخیر در تحویل محصول به دلیل عملکرد مشتری	
174	موضوع شکایت	2416	طولانی بودن بروکراسی اداری	
174	موضوع شکایت	2420	شرایط سخت گیرانه الزامات نصب	
174	موضوع شکایت	2421	انحصاری بودن هوایار	
174	موضوع شکایت	2462	آسیب دیدگی محصول زمان تحویل به مشتری	
174	موضوع شکایت	2478	کیفیت پایین قطعات - چک ولو	
174	موضوع شکایت	2479	کیفیت پایین قطعات - فیلتر سپراتور	
174	موضوع شکایت	2521	تاخیر در اعزام کارشناس - نمایندگی	
174	موضوع شکایت	2525	قیمت بالای اقلام مصرفی - شیر برقی	
174	موضوع شکایت	2706	تأخیر در تأمین و تحویل قطعه - کمپرسورهای توربینی	
174	موضوع شکایت	2736	قیمت بالای قطعات - CNG	
174	موضوع شکایت	2758	افت فشار پکیج نیتروژن ساز	
174	موضوع شکایت	2759	عدم دریافت آموزش مناسب - زمان راه اندازی	
174	موضوع شکایت	2760	عدم دریافت آموزش - گارانتی	
174	موضوع شکایت	2776	عدم پیگیری و پاسخ گویی به موقع - نمایندگی	
174	موضوع شکایت	2777	تاخیر در ارائه خدمات - نمایندگی	
174	موضوع شکایت	2790	خرابی ایرند	
174	موضوع شکایت	2791	کیفیت پایین قطعات - کوپلینگ	
174	موضوع شکایت	2792	قیمت بالای قطعات - CNG	
174	موضوع شکایت	2793	تعویض قطعات به جای تعمیر - CNG	
174	موضوع شکایت	2794	تعویض قطعات به جای تعمیر - هوای فشرده	
174	موضوع شکایت	2795	تخلف نمایندگی - واگذاری تعمیرات به شخص ثالث	
174	موضوع شکایت	2809	واگذاری تعمیرات به شخص ثالث - نمایندگی	
174	موضوع شکایت	2814	خرابی فن اینورتر	
174	موضوع شکایت	2818	کیفیت پایین خدمات - نمایندگی	
174	موضوع شکایت	2820	عدم تحویل گواهی کالیبراسیون	
174	موضوع شکایت	2822	عدم تطابق قطعات بکار رفته در دستگاه با دیتا شیت	
174	موضوع شکایت	2823	عدم تطابق قطعات بکار رفته در دستگاه با دیتا شیت	
174	موضوع شکایت	2824	طولانی شدن مدت زمان اورهال	
174	موضوع شکایت	2825	خرابی تابلو برق	
174	موضوع شکایت	2828	نقص فنی پکیج نیتروژن ساز - اختلال در عملکرد ولو	
174	موضوع شکایت	2835	عدم تحویل داغی قطعات	
174	موضوع شکایت	2900	اشکال در طراحی کابینت کمپرسور	
174	موضوع شکایت	2901	ارسال قطعه اشتباهی	
174	موضوع شکایت	2942	عدم تطابق فاکتور و اقلام مصرف شده- CNG	
174	موضوع شکایت	2943	تکرار خرابی دستگاه	
174	موضوع شکایت	2944	خرابی شیر بالای سپراتور	
174	موضوع شکایت	2945	عدم تشخیص صحیح مشکل دستگاه	
174	موضوع شکایت	2946	تکرار خرابی ایرند	
174	موضوع شکایت	3008	بروز مشکلات بعد از اورهال	
174	موضوع شکایت	3009	نشتی روغن بعد از اورهال	
174	موضوع شکایت	3010	افت خلوص بعد از اورهال	
174	موضوع شکایت	3014	آتش سوزی کمپرسور	
174	موضوع شکایت	3019	کیفیت پایین قطعات - بوش کاسه نمد	
174	موضوع شکایت	3022	عدم همراه داشتن ابزار و لوازم - نمایندگی	
174	موضوع شکایت	3023	کیفیت پایین اورهال	
174	موضوع شکایت	3024	قیمت بالای اورهال	
174	موضوع شکایت	3025	کیفیت پایین قطعات - پایه فیلتر	
174	موضوع شکایت	3027	نحوه اعلام قیمت	
174	موضوع شکایت	3029	تاخیر در راه اندازی تابلو سکوئنس	
174	موضوع شکایت	3030	نقص عملکرد شاتل ولو	
174	موضوع شکایت	3031	انحراف نقطه شبنم	
174	موضوع شکایت	3158	تاخیر در ارائه خدمات	
174	موضوع شکایت	3159	کیفیت پایین خدمات	
174	موضوع شکایت	3171	مشکلات ظاهری دستگاه	
174	موضوع شکایت	3177	نارضایتی از عملکرد نمایندگی هوا اطلس مهام ایرانیان	
174	موضوع شکایت	3178	تکرار نشتی روغن	
174	موضوع شکایت	3179	عدم ارائه فاکتور فروش نهایی	
174	موضوع شکایت	3180	عدم ارائه گزارش کار و اقدامات انجام شده	
174	موضوع شکایت	3181	طراحی فنی و مهندسی نادرست سیستم خنک کننده کمپرسور	
174	موضوع شکایت	3183	درخواست انعقاد قرارداد تعمیر و نگهداشت	
175	نقص فنی کمپرسور	1157	لرزش	
175	نقص فنی کمپرسور	1158	صدای غیرعادی	
175	نقص فنی کمپرسور	1159	نشتی روغن	
175	نقص فنی کمپرسور	1160	طراحی نامناسب	
175	نقص فنی کمپرسور	1161	خوردگی و آسیب خوردگی	
175	نقص فنی کمپرسور	1329	خرابی ایرند	
175	نقص فنی کمپرسور	1402	خرابی آنلودر	
175	نقص فنی کمپرسور	1473	بالا رفتن دمای کمپرسور	
175	نقص فنی کمپرسور	1493	خرابی مکرر	
175	نقص فنی کمپرسور	1563	مشکل برقی	
175	نقص فنی کمپرسور	1776	مشکل ریست شدن	
175	نقص فنی کمپرسور	1817	داغ شدن بلبرینگ	
175	نقص فنی کمپرسور	1818	سوختگی عایق سیم پیچی	
175	نقص فنی کمپرسور	1819	مشکل الکتروموتور	
175	نقص فنی کمپرسور	1845	استفاده از روغن نامرغوب	
200	نوع درخواست	1330	خرید قطعات	
200	نوع درخواست	1331	خدمات (مشاوره)	
200	نوع درخواست	1332	خدمات (درخواست اعزام کارشناس)	
200	نوع درخواست	1557	اورهال	
200	نوع درخواست	1558	کالیبراسیون	
200	نوع درخواست	1559	نگهداشت	
200	نوع درخواست	1560	سرویس دوره ای	
200	نوع درخواست	1777	استاندارد سازی	
200	نوع درخواست	2702	راه اندازی	
200	نوع درخواست	2761	عقد قرارداد سرویس دوره ای	
200	نوع درخواست	2762	تعمیرات	
200	نوع درخواست	2763	سابر	
201	وضعیت درخواست	1381	در حال بررسی	
201	وضعیت درخواست	1382	تامین قطعه	
201	وضعیت درخواست	1383	ارسال کارشناس	
201	وضعیت درخواست	1384	حسابداری	
201	وضعیت درخواست	1385	انجام شد	
201	وضعیت درخواست	1386	رد درخواست	
213	وضعیت فعلی نظرسنجی	1452	تکمیل شده است	
213	وضعیت فعلی نظرسنجی	1453	نیاز به پیگیری دارد	
213	وضعیت فعلی نظرسنجی	1454	در انتظار بازخورد از واحد درون سازمانی	
213	وضعیت فعلی نظرسنجی	1455	در انتظار بازخورد از مشتری	
221	شرح کار	1547	اورهال کامل	
221	شرح کار	1548	اورهال ایرند	
221	شرح کار	1549	اورهال موتور	
221	شرح کار	1550	تعمیر برد	
221	شرح کار	1551	تعمیر رادیاتور	
221	شرح کار	1922	تعمیر	
246	وضعیت سفارش به پیمانکار	1864	ثبت اولیه	
246	وضعیت سفارش به پیمانکار	1865	ویرایش شده	
246	وضعیت سفارش به پیمانکار	1866	تایید سرپرست/مدیر	
246	وضعیت سفارش به پیمانکار	1867	تایید QC	
246	وضعیت سفارش به پیمانکار	1868	بسته شده	
292	نمایندگی های فروش مناقصه	2213	آرتان هوا صنعت سایا	
292	نمایندگی های فروش مناقصه	2214	پایا صنعت هوا سپهر	
292	نمایندگی های فروش مناقصه	2215	هواکار صنعت آندیا	
292	نمایندگی های فروش مناقصه	2216	یارا صنعت هوای فشرده	
292	نمایندگی های فروش مناقصه	2217	امداد کمپرسور	
292	نمایندگی های فروش مناقصه	2218	آذر دقیق درخشان طب آیدین	
292	نمایندگی های فروش مناقصه	2219	اطلس کمپرسور ایرانیان	
292	نمایندگی های فروش مناقصه	2220	آروین صنعت هوا گستر	
292	نمایندگی های فروش مناقصه	2221	آروند صنعت بیستون	
292	نمایندگی های فروش مناقصه	2222	پدیده سیال اسپادانا
(بازرگانی صنعت و معدن)	
292	نمایندگی های فروش مناقصه	2223	دهقانی زاده	
292	نمایندگی های فروش مناقصه	2224	بهین تجهیز امین	
292	نمایندگی های فروش مناقصه	2225	بدون نماینده(مستقیم)	
292	نمایندگی های فروش مناقصه	2745	صبادم امین	
303	وضعیت مناقصات خدمات پس از فروش	892	در انتظار پاسخ فنی متره	
303	وضعیت مناقصات خدمات پس از فروش	895	پیشنهاد مالی ارسال شد	
303	وضعیت مناقصات خدمات پس از فروش	898	در انتظار جلسه	
303	وضعیت مناقصات خدمات پس از فروش	899	هولد شده است	
303	وضعیت مناقصات خدمات پس از فروش	900	نامشخص	
303	وضعیت مناقصات خدمات پس از فروش	904	برنده مناقصه	
303	وضعیت مناقصات خدمات پس از فروش	905	بازنده مناقصه	
303	وضعیت مناقصات خدمات پس از فروش	2308	در انتظار دریافت اسناد	
303	وضعیت مناقصات خدمات پس از فروش	2309	در انتظار پاسخ فنی متره	
303	وضعیت مناقصات خدمات پس از فروش	2310	پیشنهاد فنی ارسال شده است	
303	وضعیت مناقصات خدمات پس از فروش	2311	در انتظار بازدید	
303	وضعیت مناقصات خدمات پس از فروش	2312	پیشنهاد مالی ارسال شد	
303	وضعیت مناقصات خدمات پس از فروش	2313	پیشنهاد فنی و مالی ارسال شد	
303	وضعیت مناقصات خدمات پس از فروش	2314	در انتظار پاسخ مناقصه	
303	وضعیت مناقصات خدمات پس از فروش	2315	در انتظار جلسه	
303	وضعیت مناقصات خدمات پس از فروش	2316	هولد شده است	
303	وضعیت مناقصات خدمات پس از فروش	2317	نامشخص	
303	وضعیت مناقصات خدمات پس از فروش	2318	ارسال اسناد ارزیابی کیفی	
303	وضعیت مناقصات خدمات پس از فروش	2319	تایید ارزیابی کیفی	
303	وضعیت مناقصات خدمات پس از فروش	2320	تایید پیشنهاد فنی	
303	وضعیت مناقصات خدمات پس از فروش	2321	برنده مناقصه	
303	وضعیت مناقصات خدمات پس از فروش	2322	بازنده مناقصه	
303	وضعیت مناقصات خدمات پس از فروش	2324	در حال پیگیری	
303	وضعیت مناقصات خدمات پس از فروش	2565	تجدید مناقصه	
305	نوع ضمانت نامه	2328	بانکی	
305	نوع ضمانت نامه	2329	چک	
306	وضعیت ضمانت نامه	2330	ابطال	
306	وضعیت ضمانت نامه	2331	تمدید	
333	موضوع اصلی شکایت	2551	رد شدن در ارزیابی کیفی	
333	موضوع اصلی شکایت	2552	عدم تأیید پیشنهاد فنی	
333	موضوع اصلی شکایت	2553	عدم تأیید پیشنهاد مالی	
333	موضوع اصلی شکایت	2554	تاخیر بازرگانی	
333	موضوع اصلی شکایت	2555	تاخیر تدارکات	
333	موضوع اصلی شکایت	2556	تاخیر مالی	
333	موضوع اصلی شکایت	2557	تاخیر خدمات	
333	موضوع اصلی شکایت	2558	داشتن الزام ساخت داخل	
333	موضوع اصلی شکایت	2559	ابطال مناقصه	
333	موضوع اصلی شکایت	2560	قیمت قطعه	
333	موضوع اصلی شکایت	2561	کیفیت خدمات	
333	موضوع اصلی شکایت	2562	کیفیت فروش	
333	موضوع اصلی شکایت	2563	کیفیت قطعه	
333	موضوع اصلی شکایت	2564	کیفیت محصول	
340	نحوه آشنایی با سازمان	2714	نمایشگاه	
340	نحوه آشنایی با سازمان	2715	همایش-آموزش	
340	نحوه آشنایی با سازمان	2716	معرفی دیگران	
340	نحوه آشنایی با سازمان	2717	مشتری قدیمی	
340	نحوه آشنایی با سازمان	2718	وب سایت	
340	نحوه آشنایی با سازمان	2719	سرچ اینترنتی	
340	نحوه آشنایی با سازمان	2720	تماس تلفنی کارشناس فروش	
340	نحوه آشنایی با سازمان	2721	شبکه های اجتماعی	
340	نحوه آشنایی با سازمان	2722	سایر	
341	دلیل خرید از هوایار	2723	قیمت	
341	دلیل خرید از هوایار	2724	کیفیت	
341	دلیل خرید از هوایار	2725	پیشنهاد سایرین	
341	دلیل خرید از هوایار	2726	شرایط پرداخت	
341	دلیل خرید از هوایار	2727	تجربه خرید قبلی	
341	دلیل خرید از هوایار	2728	برخورد مناسب همکاران فروش	
341	دلیل خرید از هوایار	2729	نبودن گزینه جایگزین	
341	دلیل خرید از هوایار	2730	شرایط گارانتی	
341	دلیل خرید از هوایار	2731	برند	
341	دلیل خرید از هوایار	2732	موقعیت جغرافیایی	
341	دلیل خرید از هوایار	2733	خدمات پس از فروش	
341	دلیل خرید از هوایار	2734	آموزش	
341	دلیل خرید از هوایار	2735	سایر	
364	پکت های مانیتورینگ	2967	General_Info_Request	1
364	پکت های مانیتورینگ	2968	General_Info_Response	2
364	پکت های مانیتورینگ	2969	Location_Request	3
364	پکت های مانیتورینگ	2970	Location_Response	4
364	پکت های مانیتورینگ	2971	Connection_Check_Request	5
364	پکت های مانیتورینگ	2972	Connection_Check_Response	6
364	پکت های مانیتورینگ	2973	Status_Request	51
364	پکت های مانیتورینگ	2974	Status_Response	52
364	پکت های مانیتورینگ	2975	Event_Log_Request	53
364	پکت های مانیتورینگ	2976	Event_Log_Response	54
364	پکت های مانیتورینگ	2977	Alarm_Log_Request	55
364	پکت های مانیتورینگ	2978	Alarm_Log_Response	56
364	پکت های مانیتورینگ	2979	Param_Read_Request	57
364	پکت های مانیتورینگ	2980	Param_Read_Response	58
364	پکت های مانیتورینگ	2981	Param_Write_Request	59
364	پکت های مانیتورینگ	2982	Param_Write_Response	60
364	پکت های مانیتورینگ	2983	Command_Request	61
364	پکت های مانیتورینگ	2984	Command_Response	62
364	پکت های مانیتورینگ	2985	Heart_Beat_Request	63
364	پکت های مانیتورینگ	2986	Heart_Beat_Response	64
364	پکت های مانیتورینگ	2987	Login_Request	101
364	پکت های مانیتورینگ	2988	Login_Response	102
368	نفت و گاز - گزارش کار پیوست - وضعیت پروژه 	3039	شروع نشده	1
368	نفت و گاز - گزارش کار پیوست - وضعیت پروژه 	3040	در حال انجام	2
368	نفت و گاز - گزارش کار پیوست - وضعیت پروژه 	3041	تکمیل شده	3
368	نفت و گاز - گزارش کار پیوست - وضعیت پروژه 	3042	متوقف شده	4
368	نفت و گاز - گزارش کار پیوست - وضعیت پروژه 	3043	لغو شده	5
369	نفت و گاز - گزارش کار - نوع خدمت	3044	OPI	0
369	نفت و گاز - گزارش کار - نوع خدمت	3045	نظارت بر نصب	1
369	نفت و گاز - گزارش کار - نوع خدمت	3046	راه اندازی	2
369	نفت و گاز - گزارش کار - نوع خدمت	3047	بازرسی کارشناس فنی	3
369	نفت و گاز - گزارش کار - نوع خدمت	3048	جلسه	4
369	نفت و گاز - گزارش کار - نوع خدمت	3049	سایر	5
371	نفت و گاز نوع پیوست مدارک	3052	هزینه ها	1
371	نفت و گاز نوع پیوست مدارک	3053	گزارش روزانه	2
371	نفت و گاز نوع پیوست مدارک	3054	تجهیزات	3
371	نفت و گاز نوع پیوست مدارک	3055	سایر	4
