Page_ID	PageTitle	Permission_ID	Permission_Title
91	تنظیمات فروش	1	بدون دسترسی
91	تنظیمات فروش	2	دسترسی کامل
91	تنظیمات فروش	3	مشاهده
91	تنظیمات فروش	4	جدید
91	تنظیمات فروش	5	ویرایش
91	تنظیمات فروش	6	حذف
132	حواله های فروش	1	بدون دسترسی
132	حواله های فروش	2	دسترسی کامل
132	حواله های فروش	3	مشاهده
132	حواله های فروش	8	مشاهده قیمت
132	حواله های فروش	10	ارسال به اکسل
132	حواله های فروش	38	جزئیات
133	سریال حواله های فروش	1	بدون دسترسی
133	سریال حواله های فروش	2	دسترسی کامل
133	سریال حواله های فروش	3	مشاهده
133	سریال حواله های فروش	4	جدید
133	سریال حواله های فروش	5	ویرایش
133	سریال حواله های فروش	6	حذف
134	حواله های برگشتی	2	دسترسی کامل
134	حواله های برگشتی	3	مشاهده
135	سریال حواله های برگشتی	2	دسترسی کامل
135	سریال حواله های برگشتی	3	مشاهده
136	درخواست پشتیبانی	1	بدون دسترسی
136	درخواست پشتیبانی	2	دسترسی کامل
136	درخواست پشتیبانی	3	مشاهده
136	درخواست پشتیبانی	4	جدید
136	درخواست پشتیبانی	5	ویرایش
136	درخواست پشتیبانی	6	حذف
136	درخواست پشتیبانی	7	نمایش همه
136	درخواست پشتیبانی	19	پیوست مدارک
136	درخواست پشتیبانی	110	دسترسی فروش به گزارشات کار خدمات
137	مدیریت درخواست های پشتیبانی	1	بدون دسترسی
137	مدیریت درخواست های پشتیبانی	2	دسترسی کامل
137	مدیریت درخواست های پشتیبانی	3	مشاهده
137	مدیریت درخواست های پشتیبانی	4	جدید
137	مدیریت درخواست های پشتیبانی	5	ویرایش
137	مدیریت درخواست های پشتیبانی	7	نمایش همه
137	مدیریت درخواست های پشتیبانی	10	ارسال به اکسل
137	مدیریت درخواست های پشتیبانی	19	پیوست مدارک
137	مدیریت درخواست های پشتیبانی	39	درخواست کالا
137	مدیریت درخواست های پشتیبانی	40	ماموریت
137	مدیریت درخواست های پشتیبانی	41	گزارش کار
137	مدیریت درخواست های پشتیبانی	42	ارسال پیوست
137	مدیریت درخواست های پشتیبانی	174	ارسال لینک رضایت سنجی
139	پیوست درخواست پشتیبانی	1	بدون دسترسی
139	پیوست درخواست پشتیبانی	2	دسترسی کامل
139	پیوست درخواست پشتیبانی	3	مشاهده
139	پیوست درخواست پشتیبانی	20	مشاهده پیوست
140	ماموریت	1	بدون دسترسی
140	ماموریت	2	دسترسی کامل
140	ماموریت	3	مشاهده
140	ماموریت	4	جدید
140	ماموریت	5	ویرایش
140	ماموریت	6	حذف
140	ماموریت	8	مشاهده قیمت
140	ماموریت	28	چاپ
141	حق ماموریت پرسنل	1	بدون دسترسی
141	حق ماموریت پرسنل	2	دسترسی کامل
141	حق ماموریت پرسنل	3	مشاهده
141	حق ماموریت پرسنل	4	جدید
141	حق ماموریت پرسنل	5	ویرایش
141	حق ماموریت پرسنل	6	حذف
141	حق ماموریت پرسنل	7	نمایش همه
141	حق ماموریت پرسنل	8	مشاهده قیمت
143	گزارش کار	1	بدون دسترسی
143	گزارش کار	2	دسترسی کامل
143	گزارش کار	3	مشاهده
143	گزارش کار	4	جدید
143	گزارش کار	5	ویرایش
143	گزارش کار	6	حذف
143	گزارش کار	8	مشاهده قیمت
143	گزارش کار	19	پیوست مدارک
144	پیوست گزارش کار	1	بدون دسترسی
144	پیوست گزارش کار	2	دسترسی کامل
144	پیوست گزارش کار	3	مشاهده
144	پیوست گزارش کار	20	مشاهده پیوست
147	درخواست کالا	1	بدون دسترسی
147	درخواست کالا	2	دسترسی کامل
147	درخواست کالا	3	مشاهده
147	درخواست کالا	4	جدید
147	درخواست کالا	5	ویرایش
147	درخواست کالا	6	حذف
147	درخواست کالا	8	مشاهده قیمت
148	فعالیت های ماموریت	2	دسترسی کامل
148	فعالیت های ماموریت	3	مشاهده
151	مانیتورینگ فروش	1	بدون دسترسی
151	مانیتورینگ فروش	2	دسترسی کامل
151	مانیتورینگ فروش	3	مشاهده
151	مانیتورینگ فروش	5	ویرایش
151	مانیتورینگ فروش	8	مشاهده قیمت
151	مانیتورینگ فروش	10	ارسال به اکسل
151	مانیتورینگ فروش	31	اقلام محصول
151	مانیتورینگ فروش	53	تایید صنایع
151	مانیتورینگ فروش	188	دسترسی مانیتورینگ فروش(ثبت ساعت خروح)
151	مانیتورینگ فروش	189	دسترسی مانیتورینگ فروش(انبار)
152	اقلام محصول پروژه	1	بدون دسترسی
152	اقلام محصول پروژه	2	دسترسی کامل
152	اقلام محصول پروژه	3	مشاهده
152	اقلام محصول پروژه	8	مشاهده قیمت
152	اقلام محصول پروژه	10	ارسال به اکسل
157	گزارشات خدمات پس از فروش	1	بدون دسترسی
157	گزارشات خدمات پس از فروش	2	دسترسی کامل
157	گزارشات خدمات پس از فروش	3	مشاهده
157	گزارشات خدمات پس از فروش	7	نمایش همه
158	کارتابل مسئول منطقه	1	بدون دسترسی
158	کارتابل مسئول منطقه	2	دسترسی کامل
158	کارتابل مسئول منطقه	3	مشاهده
158	کارتابل مسئول منطقه	4	جدید
158	کارتابل مسئول منطقه	5	ویرایش
158	کارتابل مسئول منطقه	6	حذف
158	کارتابل مسئول منطقه	7	نمایش همه
158	کارتابل مسئول منطقه	20	مشاهده پیوست
159	پیوست محصولات	1	بدون دسترسی
159	پیوست محصولات	2	دسترسی کامل
159	پیوست محصولات	3	مشاهده
159	پیوست محصولات	19	پیوست مدارک
160	پیوست سریال محصولات	1	بدون دسترسی
160	پیوست سریال محصولات	2	دسترسی کامل
160	پیوست سریال محصولات	3	مشاهده
160	پیوست سریال محصولات	4	جدید
160	پیوست سریال محصولات	6	حذف
160	پیوست سریال محصولات	20	مشاهده پیوست
173	گارانتی مجاز سفارش ساخت	1	بدون دسترسی
173	گارانتی مجاز سفارش ساخت	2	دسترسی کامل
173	گارانتی مجاز سفارش ساخت	3	مشاهده
173	گارانتی مجاز سفارش ساخت	4	جدید
173	گارانتی مجاز سفارش ساخت	5	ویرایش
173	گارانتی مجاز سفارش ساخت	6	حذف
173	گارانتی مجاز سفارش ساخت	8	مشاهده قیمت
188		2	دسترسی کامل
188		7	نمایش همه
188		8	مشاهده قیمت
188		10	ارسال به اکسل
189		2	دسترسی کامل
189		7	نمایش همه
189		8	مشاهده قیمت
189		10	ارسال به اکسل
190		2	دسترسی کامل
190		7	نمایش همه
190		8	مشاهده قیمت
190		10	ارسال به اکسل
191		2	دسترسی کامل
191		7	نمایش همه
191		8	مشاهده قیمت
191		10	ارسال به اکسل
192		2	دسترسی کامل
192		7	نمایش همه
192		8	مشاهده قیمت
192		10	ارسال به اکسل
193		2	دسترسی کامل
193		7	نمایش همه
193		8	مشاهده قیمت
193		10	ارسال به اکسل
194		2	دسترسی کامل
194		7	نمایش همه
194		8	مشاهده قیمت
194		10	ارسال به اکسل
195		2	دسترسی کامل
195		7	نمایش همه
195		8	مشاهده قیمت
195		10	ارسال به اکسل
196		2	دسترسی کامل
196		7	نمایش همه
196		8	مشاهده قیمت
196		10	ارسال به اکسل
197		2	دسترسی کامل
197		10	ارسال به اکسل
198		2	دسترسی کامل
198		7	نمایش همه
198		8	مشاهده قیمت
198		10	ارسال به اکسل
199		2	دسترسی کامل
199		7	نمایش همه
199		8	مشاهده قیمت
199		10	ارسال به اکسل
200		2	دسترسی کامل
200		7	نمایش همه
200		8	مشاهده قیمت
200		10	ارسال به اکسل
206	گارانتی مجاز مشتریان	1	بدون دسترسی
206	گارانتی مجاز مشتریان	2	دسترسی کامل
206	گارانتی مجاز مشتریان	3	مشاهده
206	گارانتی مجاز مشتریان	4	جدید
206	گارانتی مجاز مشتریان	5	ویرایش
206	گارانتی مجاز مشتریان	6	حذف
207		2	دسترسی کامل
207		7	نمایش همه
207		8	مشاهده قیمت
207		10	ارسال به اکسل
208		2	دسترسی کامل
208		7	نمایش همه
208		8	مشاهده قیمت
208		10	ارسال به اکسل
211	سرویس دوره ای	1	بدون دسترسی
211	سرویس دوره ای	2	دسترسی کامل
211	سرویس دوره ای	3	مشاهده
211	سرویس دوره ای	4	جدید
211	سرویس دوره ای	5	ویرایش
211	سرویس دوره ای	6	حذف
211	سرویس دوره ای	10	ارسال به اکسل
212	جزئیات سرویس دوره ای	1	بدون دسترسی
212	جزئیات سرویس دوره ای	2	دسترسی کامل
212	جزئیات سرویس دوره ای	3	مشاهده
212	جزئیات سرویس دوره ای	4	جدید
212	جزئیات سرویس دوره ای	5	ویرایش
212	جزئیات سرویس دوره ای	6	حذف
212	جزئیات سرویس دوره ای	10	ارسال به اکسل
215	قیمت مصوب کالا	1	بدون دسترسی
215	قیمت مصوب کالا	2	دسترسی کامل
215	قیمت مصوب کالا	3	مشاهده
215	قیمت مصوب کالا	4	جدید
215	قیمت مصوب کالا	5	ویرایش
215	قیمت مصوب کالا	6	حذف
215	قیمت مصوب کالا	10	ارسال به اکسل
217		2	دسترسی کامل
217		7	نمایش همه
217		8	مشاهده قیمت
217		10	ارسال به اکسل
222	اختصاص قطعه به محصول	1	بدون دسترسی
222	اختصاص قطعه به محصول	2	دسترسی کامل
222	اختصاص قطعه به محصول	3	مشاهده
222	اختصاص قطعه به محصول	4	جدید
222	اختصاص قطعه به محصول	5	ویرایش
222	اختصاص قطعه به محصول	6	حذف
222	اختصاص قطعه به محصول	10	ارسال به اکسل
234	سایت های مشتریان	1	بدون دسترسی
234	سایت های مشتریان	2	دسترسی کامل
234	سایت های مشتریان	3	مشاهده
234	سایت های مشتریان	5	ویرایش
237	استطاعت مشتریان	1	بدون دسترسی
237	استطاعت مشتریان	2	دسترسی کامل
237	استطاعت مشتریان	7	نمایش همه
237	استطاعت مشتریان	8	مشاهده قیمت
237	استطاعت مشتریان	10	ارسال به اکسل
247	سفارشات فروشگاه اینترنتی	1	بدون دسترسی
247	سفارشات فروشگاه اینترنتی	2	دسترسی کامل
247	سفارشات فروشگاه اینترنتی	3	مشاهده
247	سفارشات فروشگاه اینترنتی	58	صدور سند
258		2	دسترسی کامل
266	محصولات فروشی فروشگاه	1	بدون دسترسی
266	محصولات فروشی فروشگاه	2	دسترسی کامل
266	محصولات فروشی فروشگاه	3	مشاهده
266	محصولات فروشی فروشگاه	4	جدید
266	محصولات فروشی فروشگاه	5	ویرایش
266	محصولات فروشی فروشگاه	6	حذف
270	درخواست تعمیر	1	بدون دسترسی
270	درخواست تعمیر	2	دسترسی کامل
270	درخواست تعمیر	3	مشاهده
270	درخواست تعمیر	4	جدید
270	درخواست تعمیر	5	ویرایش
270	درخواست تعمیر	6	حذف
270	درخواست تعمیر	7	نمایش همه
270	درخواست تعمیر	10	ارسال به اکسل
270	درخواست تعمیر	13	تایید
270	درخواست تعمیر	70	دسترسی خدمات
270	درخواست تعمیر	71	دسترسی تعمیرات
270	درخواست تعمیر	130	تصویر برداری تولید محتوا 
283	هزینه تقریبی تعمیرات	2	دسترسی کامل
283	هزینه تقریبی تعمیرات	3	مشاهده
283	هزینه تقریبی تعمیرات	4	جدید
283	هزینه تقریبی تعمیرات	5	ویرایش
283	هزینه تقریبی تعمیرات	6	حذف
284	بازدید قبل از تعمیر	2	دسترسی کامل
284	بازدید قبل از تعمیر	3	مشاهده
284	بازدید قبل از تعمیر	4	جدید
284	بازدید قبل از تعمیر	5	ویرایش
284	بازدید قبل از تعمیر	6	حذف
284	بازدید قبل از تعمیر	71	دسترسی تعمیرات
285	پیوست مدارک درخواست تعمیر	2	دسترسی کامل
285	پیوست مدارک درخواست تعمیر	3	مشاهده
285	پیوست مدارک درخواست تعمیر	4	جدید
285	پیوست مدارک درخواست تعمیر	5	ویرایش
285	پیوست مدارک درخواست تعمیر	6	حذف
285	پیوست مدارک درخواست تعمیر	20	مشاهده پیوست
295	 	2	دسترسی کامل
301	وصول مطالبات	4	جدید
301	وصول مطالبات	5	ویرایش
301	وصول مطالبات	6	حذف
301	وصول مطالبات	7	نمایش همه
302	پیوست وصول مطالبات	4	جدید
302	پیوست وصول مطالبات	6	حذف
302	پیوست وصول مطالبات	20	مشاهده پیوست
303	گزارش وصول مطالبات	3	مشاهده
303	گزارش وصول مطالبات	7	نمایش همه
304	کارتابل نمایندگی	3	مشاهده
304	کارتابل نمایندگی	4	جدید
304	کارتابل نمایندگی	5	ویرایش
304	کارتابل نمایندگی	6	حذف
304	کارتابل نمایندگی	7	نمایش همه
305	پیوست کارتابل نمایندگی	3	مشاهده
305	پیوست کارتابل نمایندگی	4	جدید
305	پیوست کارتابل نمایندگی	6	حذف
305	پیوست کارتابل نمایندگی	20	مشاهده پیوست
310	گزارش مانده حساب مشتری	3	مشاهده
321	 	2	دسترسی کامل
322	 	2	دسترسی کامل
324	 	2	دسترسی کامل
329	گزارش جامع فروش	3	مشاهده
356	مسئولین مناطق-خدمات پس از فروش	3	مشاهده
356	مسئولین مناطق-خدمات پس از فروش	4	جدید
356	مسئولین مناطق-خدمات پس از فروش	5	ویرایش
356	مسئولین مناطق-خدمات پس از فروش	6	حذف
357	وصول مسئولین مناطق -خدمات پس از فروش	3	مشاهده
357	وصول مسئولین مناطق -خدمات پس از فروش	4	جدید
357	وصول مسئولین مناطق -خدمات پس از فروش	5	ویرایش
357	وصول مسئولین مناطق -خدمات پس از فروش	6	حذف
358	داشبورد فروش	3	مشاهده
408	اقلام مصرفی پروژه (خدمات پس از فروش)	3	مشاهده
408	اقلام مصرفی پروژه (خدمات پس از فروش)	4	جدید
408	اقلام مصرفی پروژه (خدمات پس از فروش)	5	ویرایش
408	اقلام مصرفی پروژه (خدمات پس از فروش)	6	حذف
408	اقلام مصرفی پروژه (خدمات پس از فروش)	10	ارسال به اکسل
413		3	مشاهده
413		8	مشاهده قیمت
419	درخواست مشتریان	1	بدون دسترسی
419	درخواست مشتریان	2	دسترسی کامل
419	درخواست مشتریان	3	مشاهده
419	درخواست مشتریان	4	جدید
419	درخواست مشتریان	5	ویرایش
419	درخواست مشتریان	6	حذف
440	قیمت فروش کالا (خدمات پس از فروش)	3	مشاهده
440	قیمت فروش کالا (خدمات پس از فروش)	8	مشاهده قیمت
442	گزارش شناسنامه تعمیر	3	مشاهده
451	گزارش هزینه تقریبی	3	مشاهده
452	گزتارش تاخیرات (خدمات پس از فروش)	2	دسترسی کامل
461	درخواست اعزام کارشناس	1	بدون دسترسی
461	درخواست اعزام کارشناس	2	دسترسی کامل
461	درخواست اعزام کارشناس	3	مشاهده
464	گزارش وضعیت پیمانکاران	3	مشاهده
467	گزارش فاکتور فروش و برگشت از فروش (خدمات)	3	مشاهده
468	سفارش به پیمانکار	1	بدون دسترسی
468	سفارش به پیمانکار	2	دسترسی کامل
468	سفارش به پیمانکار	3	مشاهده
468	سفارش به پیمانکار	4	جدید
468	سفارش به پیمانکار	5	ویرایش
468	سفارش به پیمانکار	6	حذف
468	سفارش به پیمانکار	7	نمایش همه
482	نقطه سفارش HY	3	مشاهده
482	نقطه سفارش HY	5	ویرایش
493	مدیریت مناقصات خدمات پس از فروش	1	بدون دسترسی
493	مدیریت مناقصات خدمات پس از فروش	2	دسترسی کامل
493	مدیریت مناقصات خدمات پس از فروش	3	مشاهده
493	مدیریت مناقصات خدمات پس از فروش	4	جدید
493	مدیریت مناقصات خدمات پس از فروش	5	ویرایش
493	مدیریت مناقصات خدمات پس از فروش	6	حذف
493	مدیریت مناقصات خدمات پس از فروش	7	نمایش همه
493	مدیریت مناقصات خدمات پس از فروش	151	دسترسی های اضافی مناقصات خدمات پس از فروش
493	مدیریت مناقصات خدمات پس از فروش	152	مناقصات خدمات پس از فروش هوای فشرده
493	مدیریت مناقصات خدمات پس از فروش	153	مناقصات خدمات پس از فروش نفت و گاز و پتروشیمی
493	مدیریت مناقصات خدمات پس از فروش	154	تایید نهایی مناقصات خدمات
503	مدیریت تایید و رد مناقصات خدمات پس از فروش	1	بدون دسترسی
503	مدیریت تایید و رد مناقصات خدمات پس از فروش	2	دسترسی کامل
503	مدیریت تایید و رد مناقصات خدمات پس از فروش	3	مشاهده
503	مدیریت تایید و رد مناقصات خدمات پس از فروش	4	جدید
503	مدیریت تایید و رد مناقصات خدمات پس از فروش	5	ویرایش
503	مدیریت تایید و رد مناقصات خدمات پس از فروش	6	حذف
503	مدیریت تایید و رد مناقصات خدمات پس از فروش	7	نمایش همه
503	مدیریت تایید و رد مناقصات خدمات پس از فروش	154	تایید نهایی مناقصات خدمات
504	پرسش فنی	1	بدون دسترسی
504	پرسش فنی	2	دسترسی کامل
504	پرسش فنی	3	مشاهده
504	پرسش فنی	4	جدید
504	پرسش فنی	5	ویرایش
504	پرسش فنی	6	حذف
504	پرسش فنی	7	نمایش همه
505	مدیریت پرسش فنی	1	بدون دسترسی
505	مدیریت پرسش فنی	2	دسترسی کامل
505	مدیریت پرسش فنی	3	مشاهده
505	مدیریت پرسش فنی	4	جدید
505	مدیریت پرسش فنی	5	ویرایش
505	مدیریت پرسش فنی	6	حذف
505	مدیریت پرسش فنی	7	نمایش همه
505	مدیریت پرسش فنی	157	مدیر سوال فنی
505	مدیریت پرسش فنی	158	کارشناس فنی سوال فنی
505	مدیریت پرسش فنی	167	اقدام کننده (پرسش فنی)
518	کاردکس کالا نمایندگان (خدمات پس از فروش)	3	مشاهده
518	کاردکس کالا نمایندگان (خدمات پس از فروش)	4	جدید
518	کاردکس کالا نمایندگان (خدمات پس از فروش)	5	ویرایش
518	کاردکس کالا نمایندگان (خدمات پس از فروش)	6	حذف
518	کاردکس کالا نمایندگان (خدمات پس از فروش)	7	نمایش همه
518	کاردکس کالا نمایندگان (خدمات پس از فروش)	163	دسترسی نمایندگی
539		2	دسترسی کامل
540	مدیریت کاربران نرم افزار موبایل	2	دسترسی کامل
540	مدیریت کاربران نرم افزار موبایل	3	مشاهده
540	مدیریت کاربران نرم افزار موبایل	4	جدید
540	مدیریت کاربران نرم افزار موبایل	5	ویرایش
540	مدیریت کاربران نرم افزار موبایل	6	حذف
540	مدیریت کاربران نرم افزار موبایل	7	نمایش همه
544		2	دسترسی کامل
547	گزارش اقلام مصرفی در شناسنامه تعمیرها	2	دسترسی کامل
547	گزارش اقلام مصرفی در شناسنامه تعمیرها	3	مشاهده
548	گزارش نفرساعت تعمیرات	2	دسترسی کامل
548	گزارش نفرساعت تعمیرات	3	مشاهده
560	مانیتورینگ تجهیزات	3	مشاهده
560	مانیتورینگ تجهیزات	141	مدیر واحد
